Posicao na coleta,Gênero do vídeo,Tipo de produtor,Categoria do vídeo,guideCategory,Taxa de engajamento,Idioma,Posicao Geral,Id do canal,Canal,Inscritos no canal,Id do vídeo,Data de publicação,Diferenca de horas entre postagem e coleta,Título do vídeo,Descrição do vídeo,Tags do video,Duração do vídeo,Visualizações,Gostei,Comentários,thumbnail_maxres,Pais
1,,,10,"Music_of_Latin_America, Music, Pop_music",1.39%,pt,1,UChiC7Ov5g5iT8bFiAuFW7FA,Márcia Fellipe,3140000,EtQdHgWUsT0,2026-08-07T14:01:01Z,18.39 horas,Márcia Fellipe - Já Chorei Pra Valer ( Só Pensando em Você )  - Forró e Mulher II,"Ouça no seu aplicativo de música favorito: potenciamusic.lnk.to/ForroeMulherII

JÁ CHOREI PRA VALER

Já chorei pra valer
Só pensando em você
É inútil tentar te esquecer

Recordações não param
De atormentar minha cabeça com o que passou
Nossa história
Fica na minha memória como um filme que marcou
Me faz questionar
Se tudo o que nós vivemos juntos acabou

Você foi embora
Mas deixou uma saudade e, com ela, a solidão
Que me apavora
Que maltrata e machuca o meu coração
Que sofre por não ter
A felicidade que está em suas mãos

E quanto tempo mais
Você vai demorar pra refletir sobre a nossa relação?
O teu silêncio traz
O desespero, e eu já não aguento essa sua indecisão
Eu preciso dar um tempo pro meu coração

Já chorei pra valer
Só pensando em você
É inútil tentar te esquecer
Posso até disfarçar
Que deixei de te amar (de te amar,)
Só que a minha vida não tem graça sem você

======
Siga MÁRCIA FELLIPE nas redes sociais:
https://www.facebook.com/EuMarciaFellipe 
https://www.instagram.com/marciafellipe 
https://twitter.com/marciafellipe
https://tiktok.com/@marciafellipe

=====
#MárciaFellipe #JáChoreiPraValer","Marcia, Fellipe",00:02:50,647205,8648,352,https://i.ytimg.com/vi/EtQdHgWUsT0/maxresdefault.jpg,BR
2,,,24,"Film, Entertainment",10.97%,pt,2,UCmGD63MyNLl3niTac686-XQ,Sessão Nerd,2720000,QkcQHrk7I3I,2026-08-07T21:33:26Z,10.85 horas,DETALHES em HOMEM ARANHA UM NOVO DIA (Easter eggs + referências),"Homem-Aranha 4: Um Novo Dia ativa o sentido-aranha dos fãs do começo ao fim. 🕸️ Detalhes + Easter eggs + referências.

---------------------------------------------------------------------
★ VEM COM A GENTE

▶ Inscreva-se para ficar por dentro de todas as novidades 👌

Seja membro e ajude a melhorar o conteúdo :)
https://www.youtube.com/channel/UCmGD63MyNLl3niTac686-XQ/join

---------------------------------------------------------------------
★ CONTATO COMERCIAL

▶ comercial@sessaonerd.com.br

---------------------------------------------------------------------
★ TÓPICOS DO VÍDEO

▶ Easter eggs Um novo dia,
▶ spider man Brand New Day,
▶ Homem aranha 4 trailer,
▶ Homem aranha trailer,
▶ Homem aranha 4,
▶ Tom Holland 

---------------------------------------------------------------------
★ CONTEÚDO

Tem referência aos filmes do Tobey e do Andrew, aos quadrinhos, aos jogos... e pistas que só fazem sentido depois do final.

Todos os detalhes que você perdeu, ou não, em Homem-Aranha: Um Novo Dia.

Deixe o like, e vão pro vídeo.

---------------------------------------------------------------------
★ HASHTAGS

#SessãoNerd #homemaranha #brandnewday","sessão nerd, homem aranha um novo dia, spider man brand new day, Um novo dia, Easter eggs homem aranha, Homem aranha 4, Homem-aranha Um novo dia, Homem aranha brand new day, Easter eggs homem um novo dia, análise homem aranha, Critica homem aranha, curiosidades homem aranha, Curiosidades Um novo dia, curiosidades Um novo dia, Detalhes Um novo dia, detalhes Um novo dia, Sessão nerd, Sessão nerd homem-aranha, Easter eggs Um novo dia, Tom Holland, marvel",00:11:46,122324,13063,354,https://i.ytimg.com/vi/QkcQHrk7I3I/maxresdefault.jpg,BR
3,,,20,"Action-adventure_game, Video_game_culture, Action_game",6.16%,pt-PT,3,UCIXguhHCl8eDTkXpEuiGPUA,Jazzghost,24500000,XUYyD8NjsyY,2026-08-07T15:34:42Z,16.83 horas,FUI JOGAR O NOVO GTA 6 NA CASA DO MEU AMIGO E AGORA EU CORRO RISCO DE VIDA! ,"Meu amigo me chamou pra ir na casa dele jogar o novo GTA 6 e é lógico que eu fui sem pensar duas vezes! O problema é que na hora de voltar pra casa, já tava bem escuro... CONFIRA E SARAIVA O LIKE!
●Nome do Jogo: Ice Cream Man
======================
●Instagram: julianoab
●Email de contato: comercial@agenciacurta.com","jazzghost, jazz, Ice Cream Man",00:31:23,1086069,63423,3435,https://i.ytimg.com/vi/XUYyD8NjsyY/maxresdefault.jpg,N/A
4,,,10,"Music_of_Asia, Music, Pop_music",6.80%,ko,4,UCaO6TYtlC8U5ttz62hTrZgg,JYP Entertainment,32100000,BZ4UzthYTss,2026-08-07T04:00:01Z,28.41 horas,"Stray Kids ""This & That"" M/V","Stray Kids(스트레이 키즈) ""This & That"" M/V

Listen to ""THIS & THAT"" now🚚
http://stray-kids.lnk.to/THISANDTHAT

Stray Kids ""THIS & THAT""
iTunes & Apple Music: https://stray-kids.lnk.to/THISANDTHAT/AppleMusic
Spotify: https://stray-kids.lnk.to/THISANDTHAT/Spotify

Stray Kids Official YouTube: https://www.youtube.com/c/StrayKids
Stray Kids Official Twitter: https://twitter.com/Stray_Kids
Stray Kids Official Instagram: https://www.instagram.com/realstraykids/
Stray Kids Official TikTok: https://www.tiktok.com/@jypestraykids
Stray Kids Official Facebook: https://www.facebook.com/JYPEStrayKids/
Stray Kids Official Threads: https://www.threads.com/@realstraykids
Stray Kids Official FANS (Android) https://play.google.com/store/apps/details?id=com.jype.fans
Stray Kids Official FANS (iOS) https://apps.apple.com/app/fans-for-fans-artists/id6474999628

#StrayKids #스트레이키즈
#THIS_AND_THAT
#StrayKidsComeback
#YouMakeStrayKidsStay

Copyrights 2026 ⓒ JYP Entertainment. All Rights Reserved.","JYP Entertainment, JYP, Stray Kids, 스트레이 키즈, SKZ, 스키즈, 방찬, BANG CHAN, 리노, LEE KNOW, 창빈, CHANGBIN, 현진, 황현진, HYUNJIN, 한, 한지성, HAN, 필릭스, FELIX, 용복, 승민, 김승민, SEUNGMIN, 아이엔, I.N, stray kids comeback, 스트레이 키즈 컴백, 스키즈 컴백, skz comeback, skz, SKZ Teaser, 스키즈 티저, 스트레이 키즈 티저, Stray Kids teaser, Stray Kids THIS & THAT, SKZ THIS & THAT, 스키즈 디스앤댓, SKZ This & That, This & That, 디스앤댓, stray kids this & that, 디스앤댓 뮤비, this & that mv, skz this & that mv, skz music video, stray kids this & that music video",00:03:14,15410461,955845,91913,https://i.ytimg.com/vi/BZ4UzthYTss/maxresdefault.jpg,N/A
5,,,20,"Action-adventure_game, Video_game_culture, Action_game",6.80%,en,5,UCzDYgkEUa7tcWFmhfVItiiA,Euphoric Brothers,1800000,i7jVfG-wB78,2026-08-07T14:00:06Z,18.41 horas,Garten of Banban: Last Ticket to the Abyss - Official Teaser Trailer (Delvers),"*WISHLIST NOW ON STEAM:*
https://store.steampowered.com/app/3895950/Garten_of_Banban_Last_Ticket_to_the_Abyss/

---------------------------------------------------
*🧸Merch👕:*
https://www.euphoricbrothers.com/merch

*🎮Discord🎮:*
https://discord.com/invite/YzbVtTpUAX

*📸Instagram📸:* 
https://www.instagram.com/euphoric_bros

*🐦Twitter✖️:*
https://twitter.com/Euphoric_Bros

*🎵Tiktok🎵:* 
https://www.tiktok.com/@euphoricbros

*👽Reddit🗳️:*
https://www.reddit.com/r/gartenofbanban/

*🌐Website🌐:*
https://euphoricbrothers.com
---------------------------------------------------
PLAY THE GAMES:
*💻Steam💻:*
https://store.steampowered.com/developer/euphoricbros

*▶️Play Store🤖:*
https://play.google.com/store/apps/dev?id=5929933389034431122

*🍎App Store🍎:*
https://apps.apple.com/developer/euphoric-brothers-ltd/id1674284923

*🔵Playstation🔵:*
https://store.playstation.com/search/banban

*🔴Nintendo Switch🔴:*
https://www.nintendo.com/search/?srsltid=AfmBOopVxubOqM4kdBbz93GjDaGVrSXZhf2l58y9TlZPp-_cshHm3aZv&slug=garten-of-banban-switch#q=banban&p=1&cat=all&sort=df

*🟢Xbox🟢:*
https://www.xbox.com/Search/Results?q=banban

*🔲Roblox🔲:*
https://www.roblox.com/communities/17127111/Jule-Games-x-Euphoric-Bros

*🕹️Epic Store🕹️:*
https://store.epicgames.com/browse?q=banban&sortBy=relevancy&sortDir=DESC&count=40

*🪂Fortnite🧱:*
https://www.fortnite.com/creative/island-codes/4045-1771-3552","garten of banban ending, poppy playtime, garten of banban gameplay, garten of banban game, garten of banban, garten of banban trailer, garten of banban teaser, garden of banban, garden of banban gameplay, garden of banban trailer, garten of banban 0, garten of banban 5, garten of banban 8 gameplay, garten of banban 8 trailer, garden of banban 8, last ticket to the abyss, last ticket to the abyss trailer, garten of banban lttta, garten of banban 9, lttta, garden of banban 9",00:01:59,1199556,63224,18357,https://i.ytimg.com/vi/i7jVfG-wB78/maxresdefault.jpg,CA
6,,,20,"Role-playing_video_game, Action-adventure_game, Video_game_culture, Action_game",1.28%,zxx,6,UCH0-0_0XNqkg8dTLYtFaWRg,Godenot,4070000,_I9Ubzoo_E0,2026-08-07T21:00:33Z,11.40 horas,"MECCHA CHAMELEON, MAS SÓ VALE SER TRYHARD 😈","Hoje eu resolvi jogar MECCHA CHAMELEON de um jeito completamente diferente: só vale ser TRYHARD! 😂 Nesse jogo de esconde-esconde multiplayer, precisamos usar pintura, posicionamento e criatividade para nos camuflar no cenário e escapar dos Seekers. E quando todo mundo começa a jogar sério, qualquer pequeno erro pode entregar sua posição.

MECCHA CHAMELEON mistura hide and seek, multiplayer, camuflagem, stealth e muita zoeira em partidas onde você precisa encontrar o esconderijo perfeito e se misturar ao ambiente. Hoje a missão é simples: jogar no máximo e tentar ser praticamente impossível de encontrar.

Se você curtir o gameplay, deixa o like, comenta qual foi o esconderijo mais absurdo e se inscreve no canal Godenot para não perder os próximos vídeos! Qual estratégia você usaria para tentar vencer no MECCHA CHAMELEON? 👀","MECCHA CHAMELEON, MECCHA CHAMELEON gameplay, MECCHA CHAMELEON português, MECCHA CHAMELEON tryhard, MECCHA CHAMELEON gameplay PT-BR, hide and seek, jogo de esconde esconde, multiplayer, jogo multiplayer, jogos engraçados, stealth game, camuflagem, gameplay engraçado, gameplay brasileiro, Godenot, Canal Godenot, jogos para jogar com amigos, Steam, jogo novo, #MECCHACHAMELEON",00:55:08,177948,2202,79,https://i.ytimg.com/vi/_I9Ubzoo_E0/maxresdefault.jpg,BR
7,,,10,"Country_music, Pop_music, Music_of_Latin_America, Music",0.04%,pt-BR,7,UC2aVfU3JUEFYVFEIX2zTzGQ,Eduardo Costa,8450000,DHpn7MIJBfQ,2026-08-07T14:00:43Z,18.40 horas,Eduardo Costa – Vai Viver a Sua Vida (Ao Vivo) | Eduardo Costa do Velho Testamento,"""Vai Viver a Sua Vida"" faz parte do álbum ""Eduardo Costa do Velho Testamento"", gravado ao vivo em Divinópolis.

Ouça ""Vai Viver a Sua Vida"" em todas as plataformas digitais: https://onerpm.link/eduardocostadovelhotestamentoep1

____________________________________________

Siga Eduardo Costa nas redes sociais: 

https://www.instagram.com/eduardocosta/

https://www.tiktok.com/@eduardocosta 

https://www.facebook.com/eduardocostaoficial/ 

____________________________________________

LETRA ""Vai Viver a Sua Vida""

Alô quem é?
Com quem você quer falar?
Não tem ninguém aqui com esse nome
Você se enganou, discou errado o telefone
Já te falei, não me procure mais
…
Alô quem é?
Não acredito que é você de novo
Tentando insistir
Já é tarde e não é hora de ligar pra mim
Porque é que você não me deixa em paz?
Quer saber, se você quer me ouvir
Então eu vou falar
Quantas vezes te liguei pedindo pra voltar
E você nem se importava com meu coração
Quer saber, você não sabe a metade
Do que eu passei
O que fez comigo eu não desejo pra ninguém
E só agora eu consegui me levantar do chão
…
Vá viver a sua vida
Vá seguir o seu caminho
Vá passar o que passei, quando
Eu estava sozinho
Vá viver a sua vida e entender
O que é o amor
Vá sofrer o que sofri
Vá chorar o que chorei, pra aprender a dar valor

Autor: Alex Torricelli, Kadu Brunhera

____________________________________________

FICHA TÉCNICA PRINCIPAL:
Produção Musical: Romário Rodrigues
Mixagem: Marrom Mix
Direção de Vídeo: Philippe Norman (Norman Film Crew)
Local: Divinópolis (Ao Vivo)

#EduardoCosta #EduardoCostaDoVelhoTestamento","Eduardo Costa, sertanejo, melhores sofrencias, eduardo costa official, eduardo costa vevo, música nova de eduardo costa, ainda to ai clip oficial, eduardo costa music video, o melhor de eduardo costa, eduardo costa pantanal, eduardo costa cuidado, cabare, eduardo costa live 2021, as melhores eduardo costa",00:04:13,843716,0,331,https://i.ytimg.com/vi/DHpn7MIJBfQ/maxresdefault.jpg,BR
8,,,20,"Action_game, Video_game_culture, Role-playing_video_game, Action-adventure_game",11.01%,pt-PT,8,UCcOlGZMY19XQupKH4aigvkw,Overwatch Brasil,343000,Dj7xr7yNuN4,2026-08-07T16:04:29Z,16.33 horas,D.Mon | Trailer de Jogabilidade de Novo Herói | Overwatch,"Prepare-se para uma heroína de proporções MEKA com a chegada da D.Mon!

A ex-jogadora profissional Yuna Lee finalmente chega ao elenco como nossa nova heroína de Tanque. Em seu mecha, Beast, ela pode cortar os inimigos de perto com o Sabre de Plasma e defender a equipe com a Barreira de Poder.

Ative os Propulsores para se locomover rapidamente pelo campo de batalha, dispare o Repetidor de Fusão para manter a pressão contra a equipe inimiga e leve a sua equipe para o topo com a habilidade suprema Quebra de Limites.

Assim como D.Va, D.Mon pode se ejetar do mecha se sofrer muito dano e chamá-lo de volta quando estiver pronta para a próxima luta em equipe.

Chame seu mecha e entre na batalha quando a 4ª Temporada: Heróis de Busan for lançada, em 11 de agosto.

Overwatch é gratuito para PC e consoles, incluindo Nintendo Switch™ 2""""!",,00:02:30,52394,5391,375,https://i.ytimg.com/vi/Dj7xr7yNuN4/maxresdefault.jpg,BR
9,,,20,"Action-adventure_game, Video_game_culture, Role-playing_video_game, Action_game",2.43%,pt-BR,9,UCrcBZDofBltcgGxphNia2tw,ProbIems,12300000,1O2wMvJ9Jkc,2026-08-07T13:00:27Z,19.40 horas,Meus Amigos Me Prenderam na Prisão de Avaritia!,"Servidor de discord:
https://discord.gg/2jtYumJKuZ

Minha Loja:
https://www.curtaloja.com/marca/problems.html

Contato COMERCIAL:
comercial@agenciacurta.com

Segue a turma no instagram:

Problems💙 https://www.instagram.com/problems_sr/
Mel 💛https://www.instagram.com/kaikemel/
Kadu 💖 https://www.instagram.com/kadukon/
Stick 💚https://www.instagram.com/guualfaro/
Zoom 🧡 https://www.instagram.com/josedu4rd/

ATENÇÃO: O conteúdo do vídeo é 100% family friendly, ou seja qualquer um pode assistir com toda a familia quando quiser!!

#problems #minecraft","maniqueft, lego, problems, probrems, probres, pobrems, problemas, problema, pobrema, mainequeft, minecraft, video do problema, video do problems, video do pobrems, minecraft survival, minecraft mitos, minecraft fatos, problems roblox, roblox, pobrems roblox, pobris roblox, pobrema roblox, problema roblox",00:27:04,472776,11025,446,https://i.ytimg.com/vi/1O2wMvJ9Jkc/maxresdefault.jpg,BR
10,,,22,"Society, Christian_music, Music, Religion",1.93%,pt-PT,10,UCzDOXeHQaqWviGEssTEGwng,Luz de Fé,10100,X8annX4J6f4,2026-08-07T09:56:23Z,22.47 horas,"Os Melhores Louvores de Adoração 2026, Top Gospel, Top 100 Músicas Gospel Mais Tocadas, Hinos Gospel","Os Melhores Louvores de Adoração 2026, Top Gospel, Top 100 Músicas Gospel Mais Tocadas, Hinos Gospel
https://youtu.be/X8annX4J6f4

🙏 Bem-vindo(a) à melhor seleção de músicas gospel de 2026! Nesta playlist especial você vai ouvir Os Melhores Louvores de Adoração 2026, os grandes sucessos do Top Gospel, o Top 100 Músicas Gospel Mais Tocadas e belos Hinos Gospel que fortalecem a fé, renovam a esperança e aproximam você da presença de Deus.

✨ Cada louvor foi cuidadosamente escolhido para proporcionar momentos de oração, adoração e profunda comunhão com o Senhor. São canções que tocam o coração, trazem paz à alma e inspiram uma vida cheia da graça, do amor e da fidelidade de Deus.

🎵 Nesta playlist gospel você encontra:
✔️ Os Melhores Louvores de Adoração 2026
✔️ Top Gospel 2026
✔️ Top 100 Músicas Gospel Mais Tocadas
✔️ Hinos Gospel Mais Ouvidos
✔️ Louvores Para Sentir a Presença de Deus
✔️ Música Cristã Para Orar e Relaxar
✔️ Playlist Gospel Atualizada 2026

🙏 Que cada canção fortaleça sua caminhada com Deus, renove sua fé e encha seu coração com paz, esperança e alegria. Ideal para ouvir durante oração, devocional, estudos bíblicos, trabalho, descanso ou momentos especiais de adoração.

💖 Se esta playlist abençoar sua vida:
👍 Deixe seu like
🔔 Inscreva-se no canal para receber novos louvores gospel todas as semanas
📤 Compartilhe esta bênção com sua família e amigos

📌 Comente abaixo:
Qual louvor mais toca o seu coração e fortalece a sua fé? ❤️

#MelhoresLouvoresDeAdoracao2026 #TopGospel2026 #Top100MusicasGospelMaisTocadas #HinosGospel #LouvoresDeAdoracao #MusicasGospel2026 #MusicaCrista #PlaylistGospel2026 #PresencaDeDeus #GospelBrasil #FeEmDeus #Louvores2026","músicas gospel 2026, melhores músicas gospel 2026, Louvores e Adoração 2026, hinos evangélicos, musica gospel 2026, musica gospel, melhores músicas gospel, louvores de adoração, louvores de adoração 2026, louvor de adoração, Louvores, Hinos 2026, hinos gospel 2026, gospel 2026, Hinos Evangélicos, Top Gospel 2026, Adoração, 100 Louvores, louvores, gospel mais tocadas, Os Melhores Louvores de Adoração 2026, Top Gospel, Top 100 Músicas Gospel Mais Tocadas, Hinos Gospel, Gospel",02:06:07,31335,587,19,https://i.ytimg.com/vi/X8annX4J6f4/maxresdefault.jpg,US
11,,,24,"Film, Entertainment",12.73%,pt,11,UCt_4wzTQqmcUvemNkeO0plA,Ei Nerd,14600000,21vbjRfICL0,2026-08-07T20:00:32Z,12.40 horas,VAZOU O TRAILER DE GTA 6 DA NETFLIX!,"Eleve o nível do seu Canal com o Fórmula Youtube: https://formulayoutube.com.br/fyt/v01?utm_source=youtube&vk_source=organic_youtube&utm_medium=YT_EN&utm_campaign=YT_EN_07082026
--------------------------------------------------------------
Assista ao clipe de 'Se o Amor Existe' que tá maneiro demais! https://www.youtube.com/watch?v=6nhyylJwSqk
Ouça também em todas as plataformas digitais: https://onerpm.link/peter_SeoAmorExiste
--------------------------------------------------------------
Galera, lembra que a gente tinha comentado aqui que a Rockstar estaria perto de um novo lançamento de trailer? não vai ser trailer, vai ser gameplay! Ontem a Rockstar revelou que a próxima grande prévia de GTA 6 vai aparecer primeiro na Netflix! Só que um suposto informante já vazou várias informações do que vai ser mostrado no dia 27, incluindo 7 minutos de apresentação e mais de 2 minutos de gameplay sem cortes. Será que esse vazamento é real? Se esse vídeo sumir, vocês já sabem o que aconteceu…

Preparei todos os detalhes desse suposto trailer: a troca instantânea entre Jason e Lucia, as habilidades únicas dos protagonistas, os NPCs usando o celular para postar nas mídias sociais, o clima dinâmico e uma suposta cena de gameplay da Lucia. Também vamos falar sobre essa exclusividade bizarra da Netflix e o motivo da Rockstar ainda estar escondendo os aviões. Prepara a pipoquinha porque essa prévia promete tacar fogo no parquinho!

#GTA6 #GTAVI #GrandTheftAutoVI #RockstarGames #Rockstar #Netflix #GTA6Netflix #TrailerGTA6 #GTA6Trailer #TrailerVazado #GTA6Gameplay #GameplayGTA6 #GTA6Leaks #VazamentoGTA6 #Jason #Lucia #ViceCity #Leonida #ExtendedLook #PS5 #PS5Pro #XboxSeriesX #RayTracing #NPCs #MundoAberto #TakeTwo #Jogos #Games #Gaming #EiNerd #BrenoJordan
--------------------------------------------------------------
🌐 Quer ficar por dentro de tudo que acontece no mundo da cultura pop? Acesse: https://www.einerd.com/
--------------------------------------------------------------
📝  Roteiro: Carlos Aquino
🎬  Edição: Will
🎨  Thumbnail: Sammy Ferreira
🧠  Direção de Conteúdo: Caio Rohen
--------------------------------------------------------------

💪😎 WheyNerd já disponível para compras, acesse: https://loja.wheynerd.com.br/
Seja um afiliado: https://afiliados.wheynerd.com.br/register

💡 𝗔𝗽𝗼𝗶𝗲 𝗻𝗼𝘀𝘀𝗼 𝗰𝗮𝗻𝗮𝗹:
✓ Crie sua conta na Hotmart e seja um afiliado: https://hotm.art/PJHotmartAfiliados
✓Você quer viver de Youtube? → https://rebrand.ly/viver-de-youtube

📧 𝐂𝐨𝐧𝐭𝐚𝐭𝐨:
✓ Comercial e novos negócios → comercial@einerd.com

🔔 𝐏𝐞𝐭𝐞𝐫 𝐉𝐨𝐫𝐝𝐚𝐧: 
✓ Instagram e Facebook →  @petjordan 
✓ Meu canal de viagem e vlogs → https://www.youtube.com/@malafeitatv

🔔 Breno Jordan: 
✓ Instagram e TikTok → @brenojordan_

Acesse nosso portal: https://www.einerd.com/

♬ 𝘔𝘶́𝘴𝘪𝘤𝘢𝘴:
✓ Music by Epidemic Sound","Nerd, ei nerd, peter jordan, UCM, MARVEL, DC, DC COMICS, CINEMA, FILMES, ANIMES, QUADRINHOS, HQS, SERIES, GEEK, CULTURA POP, SERIADOS, HERÓIS, SUPER HEROIS",00:10:29,39706,4926,127,https://i.ytimg.com/vi/21vbjRfICL0/maxresdefault.jpg,BR
12,,,20,"Simulation_video_game, Video_game_culture, Role-playing_video_game",5.66%,pt-BR,12,UCABon3LeMfnU5ajXaOYC1oA,Amy Scarlet,7890000,SK_n-YCTV7w,2026-08-07T22:00:21Z,10.40 horas,MENTINDO NO ORFANATO ATÉ ELE FECHAR EM BROOKHAVEN ,"Bem Vindos ao Canal da Amy Scarlet em Brookhaven.
Aqui você acompanha as aventuras da personagem Scarletina pela cidade de Brookhaven.
Os personagens e histórias são fictícios e não adequados para crianças.

Deixa a curtida e se inscreve ❤

Canais Secundários da Amy:
- AmyScarletona
- ⁠AmyCraftando
- ⁠Scarletinos

#brookhaven #amyscarlet #roblox

Se inscreva no Canal.","amy scarlet, gameplay, roblox, brookhaven",00:16:16,109494,5624,574,https://i.ytimg.com/vi/SK_n-YCTV7w/maxresdefault.jpg,BR
13,,,10,"Music_of_Latin_America, Music",2.38%,pt-BR,13,UCzQzpEfdPCCwkG10cU5rceA,Fred e Fabrício,349000,AGFfoEzm1IY,2026-08-07T14:00:45Z,18.40 horas,Fred & Fabrício - ALGUÉM / HOJE EU SEI - Sertanejo Respira Goiânia,"▶ ▶ Contatos Para Shows:  (62) 3241-7163
Ouça SERTANEJO RESPIRA em todas as plataformas digitais: 
https://workshow.site/sertanejorespira 

SIGA FRED & FABRÍCIO
▶ Instagram: https://instagram.com/fredefabricio
▶ Facebook: https://facebook.com/FredeFabricio
▶ Tiktok: https://www.tiktok.com/@fredefabricio
▶ Twitter: https://twitter.com/FredeFabricio
▶ Youtube: https://www.youtube.com/@fredefabricio/?sub_confirmation=1

ALGUÉM / HOJE EU SEI 

Alguém, eu preciso ter alguém
Alguém que me faça ser feliz
Alguém, pra ficar junto de mim
Alguém que me queira amar também 

De noite se a chuva cair
Eu quero deitar e dormir 
Nos braços do amor que souber navegar no meu peito
E quando o sol me acordar
Eu quero voltar a sonhar
Que a vida me deu de presente o que eu tinha direito

Quero amar (quero amar) sem pensar (sem pensar)
Que um dia alguém me fez chorar
Matou meu sentimento
Quero amar (quero amar) sem pensar (sem pensar)
Que o amor pra ser verdade
Tem que machucar por dentro 

Outra vez 
cheguei tarde (lá na hora)
Você quer saber por onde andei 
Quase morto de saudade
Meu amor pra você eu guardei

Meu coração
Carregado de amor 
Tendo que se ausentar
Abatido só pensa em voltar

Se estou longe daqui
Não importa o prazer
Seduzido só penso em você

Então se solta
Faça o que eu faço
Me dá um abraço
Cuida de mim

Pra que ciúme?
Sou todo seu
Vem pra beijar
Quem nunca te esqueceu

Outra vez eu cheguei tarde 
E te encontro acordada
E me olha com desejo
Mas não me pergunta nada

Trago o cheiro de outro alguém
E o sono de outra cama
Mas me abraça com ternura
E jura que me ama

Tenho te esquecido tanto
Nos lugares onde andei
Já dormi em outros braços
Em outras bocas acordei

Hoje eu voltei pra casa
E tão minha te encontrei
Descobri que eu te amo
Quando eu te abracei

Hoje eu sei
Hoje eu sei que na rua
Ninguém me adora
Enquanto aqui dentro
O amor me devora
É aqui que mora a felicidade

Hoje eu sei
Hoje eu consigo ver
O que antes não via
O seu encanto, a sua magia
E só com você
Faço amor de verdade","fred e fabricio, fred & fabricio, fred e fabrício, fred & fabrício, música sertaneja, musica sertaneja, sertanejo 2025, lançamento, modão, modao sertanejo, modão sertanejo, moda sertaneja, top 10 sertanejo, as melhores do sertanejo, batidão sertanejo, vídeo sertanejo, workshow",00:05:02,42119,962,42,https://i.ytimg.com/vi/AGFfoEzm1IY/maxresdefault.jpg,BR
14,,,20,"Action_game, Video_game_culture, Action-adventure_game, Casual_game, Role-playing_video_game",5.26%,pt,14,UCsuHTmaYOim2oHxjyEf4nAg,NightExtreme,3340000,JlbpfWQ90qw,2026-08-07T14:21:33Z,18.05 horas,GARTEN OF BANBAN 9 LANÇOU o NOVO TRAILER OFICIAL Last Ticket to the Abyss FINALMENTE !!,"Hoje reagi a um novo trailer de GARTEN OF BANBAN 9 Last Ticket to the Abyss aonde foi revelado novos personagens, uma nova historia e muito mais dentro do jogo, espero que gostem.

Instagram @Night_Extreme: https://www.instagram.com/night_extreme/?hl=pt-br
Confira As Camisetas Do Canal: https://www.lolja.com.br/night-extreme
Canal Secundário: https://www.youtube.com/@NightRobloxOficial

#gartenofbanban9 #gartenofbanban 
▬▬▬▬▬▬▬▬▬▬▬▬▬▬▬▬▬▬▬▬▬▬▬▬▬▬▬▬▬

►Obrigado por assistir até aqui :) vídeo todos os dias as 12hs.

✔Like
✔Comenta
✔Se Inscreva

▬▬▬▬▬▬▬▬▬▬▬▬▬▬▬▬▬▬▬▬▬▬▬▬▬▬▬▬▬

Redes Sociais

Instagram ►  https://www.instagram.com/night_extreme/?hl=pt-br
Steam ► NightExtreme
Discord ► nightextreme","NightExtreme, GARTEN OF BANBAN 9: Last Ticket to the Abyss, GARTEN OF BANBAN 9: Last Ticket to the Abyss jogo, GARTEN OF BANBAN 9: Last Ticket to the Abyss oficial, GARTEN OF BANBAN 9: Last Ticket to the Abyss lançou, GARTEN OF BANBAN 9: Last Ticket to the Abyss gameplay, GARTEN OF BANBAN 9: Last Ticket to the Abyss jogando, GARTEN OF BANBAN 9: Last Ticket to the Abyss trailer oficial, GARTEN OF BANBAN 9: Last Ticket to the Abyss em português, em portugues",00:13:43,44033,2099,215,https://i.ytimg.com/vi/JlbpfWQ90qw/maxresdefault.jpg,BR
15,,,20,"Video_game_culture, Action_game",2.97%,pt-BR,15,UCW-4nEie-LVG7LK3CkQeBuw,VALORANT Esports BR,349000,7RbsbMxv2sk,2026-08-08T02:02:30Z,6.37 horas,100T x C9 | G2 x LOUD | VCT Americas Etapa 2 | Semana 4 - Dia 2,"Sexta-feira // 7/8/2026

Jogo 1 - 18h: 100 Thieves (100T) x Cloud9 (C9) (Md3)
Jogo 2 - 21h: G2 Esports (G2) x LOUD (LOUD) (Md3)

Curtiu? Inscreva-se em nosso canal: http://bit.ly/VCT_BR  

Fique de olho nas notícias e nas melhores jogadas do VALORANT Champions Tour acompanhando os nossos canais:
Web: https://valorantesports.com
Twitter: https://twitter.com/valesportsbr
Instagram: https://www.instagram.com/valesportsbr
TikTok: https://www.tiktok.com/@valesportsbr
Twitch: https://www.twitch.tv/valorant_br","VALORANT, Gaming, valorant pro players, VCTAmericas, VCT, competição VALORANT, campeonato valorant, VALORANT Esports, loud, furia, 2g, mibr, valorant hype, video hype vct, valorant ao vivo, valorant live, VCT 2026, Etapa 1, Stage 1",05:33:34,253169,7497,12,https://i.ytimg.com/vi/7RbsbMxv2sk/maxresdefault.jpg,BR
16,,,10,"Pop_music, Music, Hip_hop_music, Music_of_Latin_America, Lifestyle_(sociology)",6.89%,pt-PT,16,UCPcYWxn0m3-A74e3yE7VrVw,MC Ryan SP,1860000,qL4u4RJSJds,2026-08-07T21:00:06Z,11.41 horas,"Não Bebo e Não Fumo Mais 2 - MCs Ryan SP, Don Juan, Luuky, IG, Boladin211, Meno K e J9 (Oldilla)","Não Bebo e Não Fumo Mais 2 - MC Ryan SP, MC Don Juan, MC Luuky, MC IG, Boladin211, MC Meno K e MC J9

Salmos 91:7 - ""Mil cairão ao teu lado, e dez mil à tua direita, mas tu não serás atingido"". 

Obra: Não Bebo e Não Fumo Mais 2
Intérprete: MC Ryan SP, MC Don Juan, MC Luuky, MC IG, Boladin211, MC Meno K e MC J9
Produção: Oldilla
Direção e Edição: Opege.

📲 Me segue também. Redes oficiais MC Ryan SP: 
https://www.instagram.com/imcryansp 
https://www.facebook.com/oficialmcryansp
https://www.tiktok.com/@mcryansp__

🎤🎧 Spotify: https://open.spotify.com/intl-pt/artist/75i9GaW2MJUgt4BkdUnuUY 

#mcryansp #mcdonjuan #mcig #mcmenok #funk 

Bololo Records ©️ 2026.",,00:09:12,46243,3069,116,https://i.ytimg.com/vi/qL4u4RJSJds/maxresdefault.jpg,BR
17,,,1,"Entertainment, Film",9.22%,pt,17,UC5XG4yYM-_DQ-3HPRuam76Q,ingresso.com,2720000,zhlklmcD49E,2026-08-07T19:24:58Z,12.99 horas,One Piece - O Filme | Trailer Oficial Dublado,"One Piece - O Filme | Trailer Oficial Dublado

Assista ao novo trailer de #OnePieceOFilme, primeiro longa-metragem baseado na icônica série de anime e mangá - 17 de setembro de 2026 nos cinemas!

Somos o melhor destino para quem busca trailers assim que eles são lançados.

Se você é fã de cinema como a gente, INSCREVA-SE e receba todas as novidades dos seus filmes favoritos!

► Baixe nossos apps:
Android: https://goo.gl/ZOknfm
iOS: https://goo.gl/hFbnMY

► Compre ingressos para as melhores estreias: https://www.ingresso.com

► Assine UOL e Ganhe R$ 20 Por Mês Para Usar com cinema na Ingresso.com: https://bit.ly/3yX0hyd

► Siga a Ingresso no INSTAGRAM: https://www.instagram.com/ingressocom/

► Curta a Ingresso no FACEBOOK: https://www.facebook.com/ingressocom

► Fique por dentro das novidades do universo do cinema no nosso canal no WHATSAPP: https://whatsapp.com/channel/0029Va58whvFCCoURznPIG0n","Lançamentos;, Filmes, Cinema, Estreias, Trailers, filme completo, crítica, ingresso.com, review, análise, cinema 2025, fas de cinema, ingressos de cinema, desconto cinema, conteúdo de cinema, curiosidades",00:00:31,63398,5627,221,,BR
18,,,20,"Action-adventure_game, Video_game_culture, Action_game, Role-playing_video_game",2.24%,pt-BR,18,UCYtaoJSk9iIrFxx8eZB15ag,Robin Hood Gamer,22600000,jYVDYOHgUUo,2026-08-07T21:22:39Z,11.03 horas,ENCONTREI A PEPPA PIG AMALDIÇOADA NO MINECRAFT!! (PEPPA PIG.EXE),,"minecraft, peppa pig exe, peppa.exe, peppa pig minecraft, cursed peppa pig, scary peppa pig, evil peppa pig, peppa pig horror, peppa creepypasta, peppa pig mod, minecraft horror, horror mod, peppa pig amaldiçoada, peppa maldita, peppa pig terror, peppa maldita minecraft, peppa maudite, peppa horreur, verfluchte peppa, peppa wutz horror, peppa terkutuk, peppa seram, przekleta peppa, straszna peppa, проклятая пеппа, пеппа ехе, بيبا بيج, بيبا ملعونة, shapit peppa",00:27:40,118238,2482,161,https://i.ytimg.com/vi/jYVDYOHgUUo/maxresdefault.jpg,BR
19,,,22,"Hip_hop_music, Music, Music_of_Latin_America, Electronic_music, Pop_music",0.48%,pt-PT,19,UCc_wznH4pIWBAkSWiVbzTsw,Sintonia Dos Fluxos,415000,8osw8D94QQQ,2026-08-07T14:41:31Z,17.72 horas,"ELA CUIDA DO PET - MCs Negão Original, Aaron Modesto, Willian, Iguinho CT, Du'l (Oldilla, Alladin)","ELA CUIDA DO PET - MCs Negão Original, Aaron Modesto, Willian, Iguinho CT, Du'l (Oldilla, Alladin)

Letra:
Ela Cuida do Pet
Chega sexta-feira e ela quer sair pra tirar o stress
Vai pra ruazinha tomar umas doses e fumar uns beck
E se trombar ela fica no gancho se pôr na net
Ela é mó discreta e faz b*quete
Criou um Daily e só tem amiga
Pra postar fofoquinha
Falar de mim que ela só briga
Bota a pepequinha
Se não é vazada, vamos pra mídia
Página de intriga
É um vai em volta do c*ralho
Eu não falo nada
Ela se machuca
Se ouve “Semi Nua”
Só lembrou de mim porque bebeu uma
Além de sonsa, é burra
Só na minha mente
Só minha mente
Por isso ela mente, paga de louquinha
Finge que não gosta de ninguém na sua vida
Porém se bebe, liga
O bigode desliga
A paquitona
Hoje quer dormir de conchinha
Por isso ela mente
Paga de louquinha
Finge que não gosta de ninguém na sua vida
Porém se bebe, liga
O bigode desliga
A paquitona
Hoje quer dormir de conchinha
Fala por que nós não namora
Essa mina é f*da
Sozinha ela mora
Sai com o pet e vai pro yoga
Chegar no nível dela
Tem que ser mó gostosa
Enquanto não encontrei na rua
Que a gente mora
Uma que f*de melhor que ela não tem
Essa mina não me larga, porque?
Uma que f*de melhor que ela não tem
Essa mina não me larga
Não, não, não
Ela é independente
Então nem quis ficar
Talvez essa nossa despedida
Só uma coisa eu quero te falar
Cada dia você tá mais linda
Ela é independente
E não quer ficar
Talvez essa nossa despedida
Então só uma coisa eu quero te falar
Cada dia você tá mais linda
Por isso ela mente
Paga de louquinha
Finge que não gosta de ninguém na sua vida
Porém se bebe liga
O bigode desliga
A paquitona
Hoje quer dormir de conchinha
O telefone tocou novamente
Pra minha surpresa
Ela ligou de novo arrependida
Mas não me posta no Daily
Não quer que suas amigas
Vejam seu papel de trouxa
Fica em casa curiando
A minha vida
E cuidando do seu pet
Pra poder passar o tempo
Se segurando
Só pra não ter recaída
Porque se eu aparecer
Ela pede, pra botar dentro
Domingueira é mahal, nem parece mal
Na noite mergulha
Tá ficando gostosa com esse batom
E seu santo agulha
Você volta pra casa, mente perturbada
Um pouco confusa, dorme de bruço
Calcinha de renda pra lembrar de nós
Ela usa minha blusa
Não adianta pagar de louquinha
Que quer dormir sozinha
Mas liga pra me atacar
Até parece
Que deixou sua calcinha
Seu intuito de um dia
Voltar só pra me dar
Não adianta
Pagar de louquinha
Que quer dormir sozinha
Mas liga pra me atacar
Até parece
Que deixou sua calcinha
Seu intuito de um dia
Voltar só pra me dar
Por isso ela mente
Paga de louquinha
Finge que não gosta de ninguém na sua vida
Porém se bebe liga
O bigode desliga
A paquitona hoje quer dormir de conchinha
E ela quer dormir de conchinha
Ficar agarradinha
Assistir Netflix depois mete mete
E tá relaxadinha
G*zou três vezes no dia
Agora ela vai dormir
No seu modo esquece
Ela não quer guerra com ninguém
Fez a unha, o cabelo e a marquinha
Renovou seu carrinho da Shein
Comprou suas roupas de academia
Tá focada indo todo dia
Às 8 da manhã toma sua creatina
Crepioca com queijo é vício
Sem glúten pra manter sua barriguinha
E a bê é enjoada
Ela é mãe de pet, ela faz b*quete
Não vale nada
Tem mó cara de santa
Mas é mais sonsa, p*ta encubada
Se ela toma uma me liga na videochamada
Com saudade de mim ela tá refém
Eu não valho nada
Ela se machuca
Se ouve “Semi Nua”
Só lembrou de mim porque bebeu uma
Além de sonsa é burra
Só na minha mente
Por isso ela mente
Paga de louquinha
Finge que não gosta de ninguém na sua vida
Porém se bebe liga
O bigode desliga
A paquitona hoje quer dormir de conchinha
Briga, briga, enche o saco, não consegue me esquecer
O cupido vacilou quando teve que te escolher
Complicar minha memória, o defeito tá na gente
Nossos genes são iguais, só os opostos se dão bem
Meu passado me condena, é isso que ela sempre fala
Tenho memória recente dessa garota de quatro
Na semana conheci uma que parece a Mary Jane
O perfil de atriz pornô se faz de santa, eu sei que mente
Eu não entendo, ela sempre diz que eu apronto
Reclama o dia todo, só que a noite fica pronta
Nós passa no Paris 6, é o início do nosso encontro
Tudo termina no mesmo flat que eu sempre te como
Depois de dormir de concha, eu acordo e não te vejo
Entro nas nossas mensagens, sinto falta dos seus peitos
Complicada essa garota, ela sempre me deseja
Uma hora me quer perto, sempre bagunça minha mente
Eu não entendo, ela sempre diz que eu apronto
Reclama o dia todo, só que a noite fica pronta
Nós passa no Paris 6, é o início do nosso encontro
Tudo termina no mesmo flat que eu sempre te como
Por isso ela mente, paga de louquinha
Finge que não gosta de ninguém na sua vida
Porém se bebe liga, o bigode desliga
A paquitona hoje, quer dormir de conchinhacuid","funk, playlist funk, set funk, melhores funk 2026, bololo records, cuida do pet, ela cuida do pet, mc negao original cuida do pet, cuida de pet mc negao original, alem de sonsa e burra, cuida do pet letra, ela cuida de pet letra",00:07:40,26689,118,10,https://i.ytimg.com/vi/8osw8D94QQQ/maxresdefault.jpg,BR
20,,,24,"Television_program, Entertainment, Film",10.80%,en-US,20,UCc1l5mTmAv2GC_PXrBpqyKQ,Netflix Brasil,15300000,gTvGfB6KfxE,2026-08-07T16:00:00Z,16.41 horas,Outer Banks: Temporada 5 | Trailer final | Netflix,"Eu não ia querer viver isso com mais ninguém. A temporada final chega em 20 de agosto!

Assista na Netflix: https://www.netflix.com/title/81706626

Inscreva-se: https://bit.ly/31ynwtw

Sobre a Netflix:
A Netflix é um dos principais serviços de entretenimento do mundo com um vasto catálogo de séries, filmes, jogos e eventos ao vivo disponíveis em diversos idiomas. Nossos assinantes podem assistir, pausar e voltar a um título quantas vezes quiserem, onde quer que estejam, e alterar o plano a qualquer momento.

Outer Banks: Temporada 5 | Trailer final | Netflix
https://www.youtube.com/@NetflixBrasil

Após perderem um integrante do grupo, os Pogues buscam vingança e redenção na procura por um artefato roubado que tem o poder de mudar o destino deles.","Austin North, Carlacia Grant, Carolina do Norte, Carolina do Sul, Charleston, Chase Stokes, Cleo, Drew Starkey, Fiona Palomo, JJ Maybank, John B, Jonathan Daviss, Kiara, Kie, Kooks, Madelyn Cline, Madison Bailey, Netflix, OBX, Outer Banks, Outer Banks Temporada 5, Outer Banks temporada final, Poguelândia, Pogues, Pope, Rafe, Rudy Pankow, Sarah Cameron, aventura, caça ao ouro, caça ao tesouro, drama, série, série Netflix",00:01:16,24695,2589,77,https://i.ytimg.com/vi/gTvGfB6KfxE/maxresdefault.jpg,BR
21,,,24,"Action_game, Video_game_culture, Action-adventure_game",11.24%,pt-PT,21,UCIzdh7oty8jCnXUj3eUj2WQ,Felipe Neto Joga,863000,BzlqZzOUztY,2026-08-07T13:09:36Z,19.25 horas,8 JOGOS DA WEB EM 1 VÍDEO - Termo e outros!,"Hoje é dia de colocar o cérebro para funcionar! Vou encarar uma sequência de jogos no estilo Termo, tentando descobrir palavras, resolver desafios de lógica e provar que minha memória (ou a falta dela) ainda funciona.

Entre palpites certeiros, erros vergonhosos e muito desespero a cada tentativa, a missão é simples: acertar antes que as chances acabem. Será que vou mandar bem... ou vou passar vergonha tentando descobrir palavras que estavam na minha cara o tempo todo?

Se inscreva no Felipe Neto Joga, deixe o like e conte nos comentários: qual jogo de palavras ou raciocínio você mais gosta de jogar?",,00:32:03,324911,35393,1122,https://i.ytimg.com/vi/BzlqZzOUztY/maxresdefault.jpg,BR
22,,,10,"Music, Music_of_Latin_America",0.43%,pt,22,UCn0NUsrqao9WNBO6A-hIEOg,Sertanejo 2020,956000,RtSCpULxErQ,2026-08-07T10:33:07Z,21.86 horas,TOP Sertanejo 2026 🌟 Top Sertanejo 2026 Mais Tocadas 🌟 As Melhores Musicas Sertanejas 2026 HD,"#sertanejo #musicas #gusttavolima
------
TOP Sertanejo 2026 🌟 Top Sertanejo 2026 Mais Tocadas 🌟 As Melhores Musicas Sertanejas 2026 HD
Link: https://youtu.be/RtSCpULxErQ
Thanks for watching! Don't forget to SUBCRIBE, Like & Share my video if you enjoy it! Have a nice day!
Sertanejo 2020. : https://bom.to/jSqAes
Playlist              : https://bom.to/3xwCBx
#mariliamendonca #repertorionovo #cd2019#TOPSERTANEJO2020  #sertanejo2020","sertanejo 2023, musicas, sertanejo, sertanejo 2022, música",02:00:33,40234,168,3,https://i.ytimg.com/vi/RtSCpULxErQ/maxresdefault.jpg,BR
23,,,20,"Role-playing_video_game, Action_game, Video_game_culture, Action-adventure_game",9.01%,pt-BR,23,UCJAbkIY17zAmCTNQHH0bQoQ,Gameplayrj,8530000,3esK0QB36jw,2026-08-06T12:58:12Z,43.44 horas,⚠️ GTA 6 TRAILER 3 OFICIALMENTE ANUNCIADO NA NETFLIX,"GCM GAMES

GIFT CARDS - CARTÃO DA PSN, XBOX, STEAM, APPLE, GOOGLE PLAY, NINTENDO, BTL.NET, RIXTY, DIAMANTES FREE FIRE E MUITO MAIS!

https://www.gcmgames.com.br

------------------------------------------------------
🡢 Compre seus jogos na Amazon: https://amzn.to/3EHmCCN
------------------------------------------------------
Aqui no GameplayRJ você irá encontrar notícias, curiosidades, gameplays e muito mais!

Assista o lançamento daquele jogo tão aguardado, ou o game que você gostaria muito que seu criador de conteúdo jogasse. 

Diariamente, as principais notícias do mundo dos games, séries, filmes, animes, analises e tudo o que você precisa saber, em um único canal!
----------------------------------------------------

#gameplayrj","gameplayrj, davyjones, davy jones, video com davy jones, jogando com davy jones, gameplayrj jogando, gprj, video do gameplayrj",00:02:28,95198,8026,548,https://i.ytimg.com/vi/3esK0QB36jw/maxresdefault.jpg,BR
24,,,20,"Action_game, Video_game_culture, Action-adventure_game, Role-playing_video_game",8.03%,pt-PT,24,UCIwspRtKNszHhIhl36gREjQ,alanzoka,9240000,hHGSvoODvcw,2026-08-07T15:00:39Z,17.40 horas,MUITA INCOMPETÊNCIA! - BIG WALK COM OS AMIGOS - Parte 3,"OS MAIORES DESCONTOS ESTÃO NO KABUM!:
http://kb1.me/alanzokakabumyt

💜 LIVE: https://www.twitch.tv/alanzoka
📷 Instagram: https://www.instagram.com/alanzoka/
📧 alanzoka@vandep.ag
🐤 Twitter: https://twitter.com/alanzoka




#Alanzoka","alan, electronic, desire, edge, alanzoka, video do alanzoka, alanzoka da twitch, videos com alanzoka, alanzoka video, alanzoka memes, gameplay alanzoka, lives do alanzoka, lives, alanzoka jogando, big walk",01:54:12,160236,12607,264,https://i.ytimg.com/vi/hHGSvoODvcw/maxresdefault.jpg,BR
25,,,10,N/A,1.77%,pt-PT,25,UCZ45X7Xcc7z8lXds5mE1Fng,Release - Topic,42,E5cWC8MQE1A,2026-08-07T00:03:34Z,32.35 horas,Um Peão Desse,"Provided to YouTube by IIP-DDS

Um Peão Desse · CountryBeat · Mari Fernandez

Um Peão Desse

℗ CountryBeat

Released on: 2026-08-06

Producer: Mateus Félix
Producer: BeatWill
Producer: Rafinha RSQ
Composer, Lyricist: Henrique Reis

Auto-generated by YouTube.","CountryBeat, Mari Fernandez, Um Peão Desse",00:02:08,43465,769,0,https://i.ytimg.com/vi/E5cWC8MQE1A/maxresdefault.jpg,N/A
26,,,22,"Role-playing_video_game, Action-adventure_game, Video_game_culture, Association_football",5.69%,pt-BR,26,UCUTMBmYeeK1S-wZ6Jo9WbWg,Cortes do Davy Jones [OFICIAL],617000,2UEi7pAXid4,2026-08-06T21:03:07Z,35.36 horas,GTA 6: NÃO É TRAILER! Entenda o que vai ACONTECER na NETFLIX,"Use o CUPOM DAVA na Growth - https://www.gsuplementos.com.br/

MUITAS PROMOÇÕES INCRÍVEIS!
https://mercadolivre.com/sec/1zKKhwS

Fala galera! No vídeo de hoje teremos um corte comentando sobre o anúncio inesperado da Rockstar Games para GTA 6! Neste vídeo, Davy Jones comenta a exclusividade temporária da Netflix para o novo ""Extended Look"" de GTA 6, debate o que realmente significa esse material inédito e explica por que tudo indica que finalmente veremos a tão aguardada gameplay do jogo. Também falamos sobre a estratégia por trás da parceria entre Rockstar e Netflix, a expectativa para a reunião de investidores da Take-Two, o impacto nas ações da empresa e como será a cobertura completa do Flow Games durante o lançamento do vídeo.

#GTA6 #RockstarGames #Netflix
--
🔹 Confira a playlist  com as melhores notícias sobre games do canal: https://www.youtube.com/playlist?list=PLPR4qoPtYLnxDC09VkwH3P0QLfcuyTEwG
--
Aqui no Cortes do Davy Jones [OFICIAL]  você irá encontrar vídeos curtos sobre notícias, curiosidades, gameplays e muito mais!

Assista os melhores momentos daquele jogo tão aguardado, ou o game que você gostaria muito que seu criador de conteúdo jogasse. 

Diariamente, as principais notícias do mundo dos games, séries, filmes, animes, analises e tudo o que você precisa saber, em um único canal e em formato curto! 

--

00:00 EXPECTATIVAS PARA O EXTENDED LOOK
02:38 GTA 6 NA NETFLIX E A PARCERIA
03:27 COMO SERÁ A COBERTURA DO FLOW GAMES
05:13 IMPACTO DA EXCLUSIVIDADE NO MERCADO
07:35 REUNIÃO DA TAKE TWO E EXPECTATIVA POR GAMEPLAY","cortes do davy jones, davy jones, canal de cortes, vlog, vlog do davy jones, notícias, games, game, canal do davy jones, gameplayrj, cortes do gameplayrj, flow games, flow games news, cortes davy jones, dava gaming, noticias de games, analise de jogos, novidades, GTA 6, Rockstar Games, GTA VI, Netflix, GTA 6 gameplay, extended look, trailer GTA 6, Davy Jones, Flow Games, Jason, Lucia, Take Two, Take-Two Interactive, reunião investidores, gameplay GTA 6, análise GTA 6, Rockstar",00:10:16,74615,4171,77,https://i.ytimg.com/vi/2UEi7pAXid4/maxresdefault.jpg,BR
27,,,20,"Action_game, Video_game_culture, Strategy_video_game, Role-playing_video_game",2.72%,pt-BR,27,UC48rkTlXjRd6pnqqBkdV0Mw,CBLOL,1600000,5XodH7HbEHI,2026-08-08T01:47:45Z,6.61 horas,VKS x FX | FUR x LOUD | CBLOL 2026 - 2ª Etapa | Dia 5 (Md3),"Acompanhe mais uma transmissão da Segunda Etapa do CBLOL 2026. Quais equipes se classificarão ao Worlds e quem será o grande campeão? De 25 de julho a 10 de outubro.

Sexta-feira, 7 de agosto de 2026:
18h - Vivo Keyd Stars x Fluxo W7M
A seguir - FURIA x LOUD

Siga nossos canais:
X: https://twitter.com/CBLOL
Instagram: https://instagram.com/CBLOL
Twitch: https://twitch.tv/cblol
Kick: https://kick.com/cblol
TikTok: https:/tiktok.com/@cblol
WhatsApp: https://bit.ly/cblolzap","LoL, LoL Esports, League of Legends, Esports, Riot Games, Riot, LoL Esports BR, CBLOL, LOUD, paiN, RED, VKS, FLUXO, FURIA, LEVIATÁN, LOS",05:29:22,181366,4936,0,https://i.ytimg.com/vi/5XodH7HbEHI/maxresdefault.jpg,BR
28,,,10,"Pop_music, Music, Music_of_Asia, Entertainment",11.40%,ko,28,UC3IZKseVpdzPSBaWxBxundA,HYBE LABELS,82300000,pHciG9_2xXM,2026-08-07T14:00:00Z,18.41 horas,"Meet my GRLS, TUIDE","Meet my GRLS

TUIDE The 1st EP [TUNE & PLAY]
2026.08.24 6PM (KST) / 5AM (ET)

#TUIDE #튜이드 
#TUNEnPLAY #GRLS

CREDITS : 

Producer | HAN SUNGSOO

President | NO JIWON

Visual Creative | KIM SOYEON, LEE CHAEBIN, OH SEBIN, CHOI YUJEONG

Directed by 2eehyein (2eehyein film)
1st Assistant Director | Jeongmin Jo, Youngmin Song
2nd Assistant Director | Youmin Park, Heewon Yu

Production House | NEWYEAR*
Executive Producer | Chae Yi
Producer | Bom Kang
Production Assistant | Seulgi Yi, Gyumin Lee, Cheolgyun Park, Ganghun Song, Gyungtae Kim, Yangsoo Na, Jubong Park 

Director of Photography | Jinhyuk Lee
1st AC | Donghyeok Shin
2nd AC | Minseong Kim
3rd AC | Gwangsup Jung, Seungmo Bang
DIT | Yeji Kim

Steadicam Operator | Sungwook Park
1st Assistant | Youngwook Song 

Gaffer | Joonghyuk Jung
1st Assistant | Hyunsuk Kim
Lighting Assistant | Bonhyup Goo, Duhyun Han, Minjun Kim, Duchrol Shin, Juhan Cho, Jiseok Lee

Art Department | WX ART (Weather art)
Art Director | Minsun Kim, Sky Lee
Art Team | Jaehyuk Lim, Jaewon Kang, Yewon Ha, Haneul Choi, Yesol Ko, Seohyun Hong, Dowon Kim, Junhyuk Kim

Movement Director | Jihye Roh

Sound Mixer | Seungjin Kim
Boom Operator | Siyeong Choi 

Key Grip | Hosik Mun
Grip Team | Janghee Park, Sukhwan Choi, Geonu Lee

Edit | Lia Han, 2eehyein

DI | LUCID COLOUR
Colorist | Jiyun Yeom
DI Crew | Seonyoung Lee, Subin Jeong
DI Producer | Hyunjin Kim
DI Manager | Heejin Park

VFX Team | QUIETROOM
VFX Supervisor | Suhwan Lee
VFX Artist | Seungrim Woo, Sani Han
VFX PD | Seonghoon Seo
ROTO | Rotoco, Hbvfx, ArtvfxStudio
MATCHMOVE | Mmhub 

2D Beauty | Yejin Shin
2D Beauty Assistant | Miji Kim

2D CG | COMMA

Sound Design | Youhoon Kim

Connect with TUIDE

Official YouTube : https://www.youtube.com/@TUIDE_official
Official Instagram : https://www.instagram.com/tuide_abd  
Official TikTok : https://www.tiktok.com/@TUIDE_official     
Official X : https://x.com/TUIDE_official   
Official Weverse : https://weverse.io/tuide    
Official Facebook : https://www.facebook.com/TUIDE.official
Official Weibo : https://weibo.com/tuideofficial
Official Bilibili : https://space.bilibili.com/3706998310832212
Official Douyin : https://v.douyin.com/hyt0bTywxH8

ⓒ ABD Co.,Ltd. All Rights Reserved.","HYBE, HYBE LABELS, 하이브, 하이브레이블즈",00:03:13,878696,92278,7884,https://i.ytimg.com/vi/pHciG9_2xXM/maxresdefault.jpg,KR
29,,,24,"Action_game, Entertainment, Video_game_culture, Action-adventure_game, Film",7.12%,pt-BR,29,UC7Z0d4P_e37y1tIjhVs8BXg,"Estevão, Milla e Milly",271000,Jl8vmVgZDa4,2026-08-07T15:00:54Z,17.39 horas,Reagindo ao Trailer GARTEN OF BANBAN 9 *mas o pior aconteceu*,"Special thank you to Euphoric Brothers pelo acesso antecipado ao TRAILER DE GARTEN OF BANBAN: Last Ticket to the Abiss
SEJA BEM VINDO AO CANAL SÓ POR CAUSA TV !!   

Não esqueça de deixar seu gostei e se inscrever no canal para fazer parte dessa família !! Compartilhe meu vídeo para chegar a 1.000.000 inscritos!

❤️INSCREVA-SE: https://bit.ly/3MofRq7

Quer nos conhecer mais? Então siga a nossa outra rede social de fotos:
@soporcausa
@millyzenoficial
@milla_zen

Garen of Banban 9 Novo Trailer, Novos segredos, Você perdeu, Missed, Secrets, Garten of Banban 9: Last Ticket to the Abiss (Reaction)","garten of banban, novo garten, trailer oficial, gtob, react, novo, reagimos, videofone, reaction video, GARTEN OF BANBAN: Last Ticket to the Abiss, Banban",00:12:08,19791,1309,100,https://i.ytimg.com/vi/Jl8vmVgZDa4/maxresdefault.jpg,BR
30,,,20,"Sports_game, Video_game_culture",7.23%,pt-PT,30,UCrkSOd8m17PJK5yQ6RoFa6A,RAFÃO,5380000,uSkO6ealweM,2026-08-07T22:06:37Z,10.30 horas,GANHEI 4 LENDAS NO MELHOR PACK OPEN DA HISTÓRIA DO FC MOBILE!,"Fiz um dos melhores pack opens da história desse canal! Tive muita sorte! Os packs Champions do Bayern estão recheados de lendas como Harry Kane, Diaz, Neuer e Schweinsteiger! Vamos em busca de todos eles!

Siga nas Redes Sociais!
Rei dos Coins - https://www.reidoscoins.com.br/
Instagram - https://www.instagram.com/rafaotv/
Twitter - https://twitter.com/rafaotv
TikTok - https://www.tiktok.com/@rafaotvoficial

Contato:  rafao@kr3w.gg","fc mobile, rafao joga, ea fc, fifa, fifa mobile, fifa 26, fc 26, ea fc 26, pack open, abrindo packs, rafao abre packs, abre packs, packs fc mobile, fc points, fifa points, mobile, rafao tv, rafao fc mobile, rafao, dinheiro infinito fc mobile, fc mobile moedas infinitas, fc points gratis, fc mobile ao vivo, fc mobile 26, fc mobile mod menu, evento champions fc mobile, packs champions fc mobile, bayern fc mobile, Schweinsteiger, harry kane fc mobile, luis diaz fc mobile",00:20:13,91561,6330,290,https://i.ytimg.com/vi/uSkO6ealweM/maxresdefault.jpg,N/A
31,,,10,"Christian_music, Music",0.65%,pt-PT,31,UC8E14Gid2rexcskOK3mK1Sg,Fabiana Sinfrônio - Topic,2410,MGekOkEaCBU,2026-08-06T03:04:35Z,53.33 horas,Abraça-me (Voz e Violão Ao Vivo),"Provided to YouTube by MK Music

Abraça-me (Voz e Violão Ao Vivo) · Fabiana Sinfrônio

Abraça-me (Voz e Violão Ao Vivo)

℗ 2026 MK Music

Released on: 2026-08-06

Producer: Ed Oliver
Composer Lyricist: David Quinlan

Auto-generated by YouTube.","Fabiana Sinfrônio, Abraça-me (Voz e Violão Ao Vivo)",00:03:28,28776,187,0,https://i.ytimg.com/vi/MGekOkEaCBU/maxresdefault.jpg,N/A
32,,,20,"Action_game, Video_game_culture, Action-adventure_game, Role-playing_video_game",12.55%,pt,32,UCvax7WLz8o2UtGS-FL8bW4g,HadesPlays,508000,t2TVrxxMiXg,2026-08-07T14:00:22Z,18.40 horas,Estão com RAIVA da Rockstar por TRAILER PAGO de GTA 6! - Entenda!,"Jogos é na NUUVEM, use o cupooom HADES pra 10% de desconto: https://hdsplys.link/hadesnuuvem

👉GRUPO DE PROMOÇÕES: https://hdsplys.link/promos

➤Email para contato: hadesplaysyt@gmail.com

■■■■■■■■■■REDES SOCIAIS■■■■■■■■■■

➤Facebook: https://www.fb.com/HadesPlaysGame
➤Twitter: https://www.twitter.com/hadesplays_
➤Instagram: https://instagram.com/ohadesplays
➤Email para contato: hadesplaysyt@gmail.com

■■■■■■■■■■■■■■■■■■■■■■■■■■■■■■■■

#games #hadesplays #4k","Jogo, Game, Português, Gameplay, BR, Brasil, Portugal, pt-pt, pt-br, video games, video jogos, top 10, jogos xbox one, jogos pc, jogos full hd, jogos ps4 jogos xbox series x xbox series x, playstation 5, jogos ps5, ps5 games, realistc, 4k, realista, jogos, games, hadesplays",00:08:39,12247,1132,405,https://i.ytimg.com/vi/t2TVrxxMiXg/maxresdefault.jpg,BR
33,,,10,"Music_of_Latin_America, Music",1.06%,pt-PT,33,UCGCRkPpHOv3DhGrOaE5pFMg,SOLTA O PLAY,5960,wzJBvjhGWDk,2026-08-07T13:10:17Z,19.24 horas,HEITOR SANTOS - NOITE FRACASSADA (ÁUDIO OFICIAL),"Aqui você encontra o repertório mais atualizado do Nordeste para curtir e cantar junto, então SOLTA O PLAY!

HEITOR SANTOS - NOITE FRACASSADA (ÁUDIO OFICIAL)
HEITOR SANTOS - NOITE FRACASSADA (ÁUDIO OFICIAL)
HEITOR SANTOS - NOITE FRACASSADA (ÁUDIO OFICIAL)

Letra:
Outra noite fracassada sem você do lado
Tô saindo da boate todo incomodado
Tá na cara que não te esqueci

Na saída um casal se beijando na rua
Até pareceu nós dois, senti saudade sua
Quase não reconheci

Peraí tapioca, vai
Meu bem, eu não sei o que você quer pra sua vida
Mas quando eu vi aquela situação na minha frente

Até assustei
E o copo deixei cair da minha mão
Era você beijando outro sem parar

Por isso, eu liguei
Melhor esquecer a última mensagem que acabei de enviar
Melhor desconsiderar

Esquece toda essa besteira que você já leu
Não tá mais aqui o trouxa que escreveu
É culpa da bebida, foi só recaída
Pelo amor de Deus

Esquece
Percebi que tá bem melhor do que eu
Esse beijo que deu nele cê nunca me deu
Continua o que cê tá fazendo
Cê vai beijando, eu vou bebendo

Todos os direitos reservados © 2026 SOLTA O PLAY® Ltda

#SoltaOPlay #Forró2026","SOLTA O PLAY, FORRÓ, FORRÓ 2026, FORRÓ ATUALIZADO, REPERTÓRIO FORRÓ, FORRÓ DAS ANTIGAS, FORRÓ DE FAVELA, FORRÓ DE VAQUEJADA, HEITOR SANTOS - NOITE FRACASSADA (ÁUDIO OFICIAL), heitor santos noite fracassada, noite fracassada heitor santos, heitor santos, noite fracassada, outra noite fracassada, até assustei e o copo deixei cair da minha mão",00:03:00,13739,142,3,https://i.ytimg.com/vi/wzJBvjhGWDk/maxresdefault.jpg,BR
34,,,20,"Action_game, Video_game_culture, Action-adventure_game, Role-playing_video_game",15.64%,pt-BR,34,UCMggTF2IW2BnYV6pm-ymb3A,PeeWee Games,134000,7XKJ6j9qe8c,2026-08-07T21:00:18Z,11.40 horas,"Saga Dead Space | História, Curiosidades e Opinião | PT.1","Imagine que você é um trabalhador comum que chega na firma pra fazer o mínimo possível em mais um dia miserável quando, de repente… surgem monstros que matam geral e te colocam numa situação de vida ou morte. É mais ou menos isso que acontece em Dead Space (6)... claro, é no espaço e envolve alienígenas, mas você entendeu. Essa franquia que deixou muita gente tensa e apavorada com um terror espacial que, para muitos, até hoje não foi igualado no mundo dos games. Mas será mesmo? Hoje a gente inicia uma jogada pelos games de Dead Space, então apague as luzes da sua nave e prepare o seu cortador de grama porque tá começando a saga Dead Space no Peewee Games. #DeadSpace #Saga #PeeWee","Saga Dead space, Dead Space remake, Dead Space 2008, historia, entenda a historia, curiosidades, analise, opiniao, com spoilers, final, gameplay, entenda o final, final explicado, isaac clarke, resumão, resumo, historia completa, remake vs original, vale a pena",00:54:57,57870,8706,347,https://i.ytimg.com/vi/7XKJ6j9qe8c/maxresdefault.jpg,N/A
35,,,10,"Music_of_Latin_America, Music, Pop_music",2.61%,pt,35,UCv5nsiAebHi6vrtr787rcKQ,Paulo e Nathan,251000,SvFpbJw0tGk,2026-08-07T15:00:08Z,17.41 horas,Paulo & Nathan e Panda - Saudade Na Bebida,"▶ Ouça Saudade na bebida em todas as plataformas digitais: https://orcd.co/saudadenabebida
▶ Inscreva-se no canal: https://bit.ly/3MzpUJD
▶ Acompanhe Paulo e Nathan: 

Instagram: https://bit.ly/3MduXOr
Facebook: https://bit.ly/3OgasDb
TikTok: https://bit.ly/3pKgvpz
Spotify: https://spoti.fi/42HNKZ5
Deezer: https://bit.ly/3Oc5uHP


SAUDADE NA BEBIDA
(Autores: Elvis Ellan / Samuel Gomes Alves / Marder Bezerra Nunes /Thiago Gomes Alves) 

Ontem eu te olhei de cima embaixo,
bateu uma dúvida que o coração tremeu.
Não sei se você ficou mais gostosa
ou é o olhar de quem perdeu.
Cheguei em casa, fui ligando o som,
já fui abrindo uma.
O trem não tava bom...
E essa uma virou duas,
três, quatro, cinco, seis.
Achei saudade na bebida
e me perguntei:
Por que, quando cê larga da pessoa,
ela fica mais bonita?
Por que, quando tá junto, a gente ama,
e separado a gente ama mais ainda?
Será que é medo, meu bem,
de você pegar alguém,
ou eu tô vendo sentimento
onde não tem?
Por que?


FICHA TÉCNICA: 
Produção geral: Dudu Oliveira 
Local: Iago Produções  
Arranjador: Dudu Oliveira 
Violão 1: Vini Povoa 
Bass: Robson Pitbull 
Bateria: Leko Bertoldo 
Violão 2: Robson Lapenta 
Percussões: Piolho Percussão
Sanfonas: Clevin
Teclado: Dudu Oliveira
Marketing: Luana Muller / Rebecca Caroline",,00:02:38,83164,362,1811,https://i.ytimg.com/vi/SvFpbJw0tGk/maxresdefault.jpg,BR
36,,,20,"Simulation_video_game, Video_game_culture, Action-adventure_game",4.72%,pt-BR,36,UCUaUhkLyJCgVOMB8YOKSN8g,Play Guima,4180000,lBC_z2EOMCw,2026-08-07T22:15:33Z,10.15 horas,ME PINTEI PRA ME ESCONDER MAS... É NO ROBLOX MECCHA CHAMELEON...,"sim gente, no roblox tem tudo mesmo

Obrigada por assistir :)

minhas redes:
https://instagram.com/playguima","guima, play guima, play guiminha, play quina, quina, guiminha, jogos, games, jogos gratuito, gratuito, gameplay",00:14:01,63051,2482,497,https://i.ytimg.com/vi/lBC_z2EOMCw/maxresdefault.jpg,BR
37,,,10,"Music, Music_of_Latin_America",0.57%,pt-PT,37,UCnIP_sKtgWn6jDahDwLBV6w,Júnior e Jorge - Topic,342,RJKBdwswZ7M,2026-08-05T17:14:27Z,63.17 horas,Cadeira Cativa,"Provided to YouTube by Sua Musica Digital LTDA

Cadeira Cativa · Júnior e Jorge

Os Bons De Forró 3.0

℗ 2026 NRDST Music

Released on: 2026-08-07

Producer: Arine Music
Music Publisher: Copyright Control
Composer, Lyricist: Junior Gomes
Composer, Lyricist: Victor Reis
Composer, Lyricist: Edu Valim
Composer, Lyricist: Zé André

Auto-generated by YouTube.","Júnior e Jorge, Os Bons De Forró 3.0, Cadeira Cativa",00:03:00,27653,158,0,https://i.ytimg.com/vi/RJKBdwswZ7M/maxresdefault.jpg,N/A
38,,,20,"Role-playing_video_game, Video_game_culture, Action-adventure_game",0.21%,en,38,UCzE5IJaUhfNLlzCcfWxZSDg,SYSTEMBLOXY ,341000,-mBBBylZS-M,2026-08-07T22:18:09Z,10.11 horas,Feel aura gang 🥷,STRAWBERRY FUN CHALLENGE !,"ROBLOX, robloxlive, vertical live",00:01:04,1542039,3292,0,https://i.ytimg.com/vi/-mBBBylZS-M/maxresdefault.jpg,US
39,,,10,"Music_of_Latin_America, Music",3.20%,pt-BR,39,UCII8q0o6UO6C-DevraSiPRw,igor ferrari,100000,SM8jrUBjIK0,2026-08-07T16:17:06Z,16.12 horas,Igor Ferrari - Apaixonadinho Nela (Vídeo Oficial),"(Siga Agente Em Todas As Redes Sociais)
TIKTOK - https://www.tiktok.com/@igor_ferrari_oficial?_r=1&_t=ZS-93pqwmCdJyq
INSTAGRAM - https://www.instagram.com/igor_ferrari_oficial?igsh=MXF6YmFhZzk0cmlhMA==
SPOTIFY -  https://open.spotify.com/intl-pt/artist/0bSegFfa7KqW6ep07CNTTL
KAWAI - https://k.kwai.com/u/@OGigantedokawai/lzCVBCGX
FACEBOOK - https://www.facebook.com/share/1DYYDpG17n/

CONTATO PARA SHOWS:
(61) 99884-8000
garra entretenimentos

Artista:Igor Ferrari
Compositor:Igor Ferrari
Produção Musical:Igor Ferrari e Vandeco
Produção Visual:Terra Produções","piseiro, forro, lancamento, sonho",00:04:20,21686,672,21,https://i.ytimg.com/vi/SM8jrUBjIK0/maxresdefault.jpg,BR
40,,,20,"Role-playing_video_game, Video_game_culture, Action-adventure_game, Action_game",1.00%,en-US,40,UCz7UV7tV6V2hVBfLXeeu-eA,Murilão Gamer,798000,KGudySnwj4Q,2026-08-08T03:53:41Z,4.51 horas,🔴PVP CONTRA BRAINROTS + X1 COM INSCRITOS!!!❤️,,,03:48:21,428302,4267,2,https://i.ytimg.com/vi/KGudySnwj4Q/maxresdefault.jpg,BR
41,,,10,"Music, Hip_hop_music, Music_of_Latin_America, Pop_music",1.30%,pt-BR,41,UCySCGQoxR9N0rKGO1FQz6XA,FUNK CONSCIENTE by 24por48,314000,v2oUHyIYfxU,2026-08-07T15:00:04Z,17.41 horas,"POSSO ATÉ NÃO TE DA FLORES - MC Meno K, MC Ryan SP, MC Jacaré (Web Clipe)","Ouça nossa Playlist no Spotify 
https://bit.ly/44xZYFQ

Divulgue sua música conosco:
(11) 94510-9094

Informações sobre a música:
Artista: MC Meno K, MC Ryan SP, MC Jacaré
Música: POSSO ATÉ NÃO TE DA FLORES
Produção musical: DJ Japa NK, DJ Davi DogDog
Ano: 2026","MC Meno K, MC Ryan SP, MC Jacaré, POSSO ATÉ NÃO TE DA FLORES, dj japa nk, dj davi dogdog, funk",00:02:38,8815,114,1,https://i.ytimg.com/vi/v2oUHyIYfxU/maxresdefault.jpg,BR
42,,,20,"Role-playing_video_game, Action-adventure_game, Video_game_culture, Action_game, Racing_video_game",1.85%,pt-BR,42,UCHuZmQ0lSW8TG81dVZZh5rw,LipaoGamer,13900000,rk06g83gOdc,2026-08-07T17:30:01Z,14.91 horas,Fugindo do CREPPY HORSE de CARRO no BeamNG Drive MP! ,Vídeos todos os dias as 11hrs e as 14.30hrs,"lipao, lipaogamer, lipao gamer",00:21:26,88194,1581,49,https://i.ytimg.com/vi/rk06g83gOdc/maxresdefault.jpg,BR
43,,,10,"Music, Music_of_Latin_America, Pop_music",1.29%,pt-PT,43,UCB04opFLhxa1eeAT9WPdBGQ,Bruno & Barretto - Topic,4460,2Mj1Ya4wzDw,2026-08-07T00:02:43Z,32.36 horas,Me Leva Pros Rodeios,"Provided to YouTube by ONErpm

Me Leva Pros Rodeios · Bruno & Barretto · Latino · Dj Ari SL

Me Leva Pros Rodeios

℗ Bruto Memo New

Released on: 2026-08-06

Composer Lyricist: João Dalzoto
Composer Lyricist: Patiki no Beat
Composer Lyricist: Felipe Bessa
Composer Lyricist: Lucas Avona
Composer Lyricist: Junynho Silva
Composer Lyricist: Marco Antonio de Carvalho
Musician: Dj Ari SL
Studio Producer: Dj Ari SL
Composer Lyricist: Latino

Auto-generated by YouTube.","Bruno & Barretto, Latino, Dj Ari SL, Me Leva Pros Rodeios",00:02:27,56334,602,127,https://i.ytimg.com/vi/2Mj1Ya4wzDw/maxresdefault.jpg,N/A
44,,,20,"Action-adventure_game, Video_game_culture, Role-playing_video_game, Action_game",1.14%,pt-BR,44,UC6P6SvP2arhEdJ9Pg8qwP2A,Athos,17200000,JL3PtCJIwMQ,2026-08-07T13:30:12Z,18.91 horas,QUAL você ESCOLHE no Minecraft,"📸 https://www.instagram.com/_athos_br/

🛍️ https://athos.gg/store

📞 ads@playathos.com

🌍  https://athos.gg/

QUAL você ESCOLHE no Minecraft 
QUAL você ESCOLHE no Minecraft 

#minecraft #athos","minecraft, athos, athos gamer, minecraft pe, bedrock, java, pocket edition, maniqueft",00:21:25,405214,4528,73,https://i.ytimg.com/vi/JL3PtCJIwMQ/maxresdefault.jpg,BR
45,,,10,"Entertainment, Music, Pop_music",3.24%,en,45,UCTjF8TNC7blVsBtWyMrsj4A,Horror Skunx,8890000,anhQ3fC1_hY,2026-08-07T20:15:37Z,12.15 horas,The Verity Band - Be My Friend (official song),"STREAM ""Be My Friend"" (The Verity Band) EVERYWHERE: https://distrokid.com/hyperfollow/horrorskunx/be-my-friend-the-verity-band?ref=release

Lyrics:
[Chorus]
Do you really wanna be my friend?
Na na na na nightmare!
Do you really wanna be my friend?
Na na na na nightmare!

[Verse 1]
I’m the one who knows it all, oh oh oh
I can give you anything!
I'm the one who loves you most, oh oh oh
Let's go make a baby!

What the f-

[Pre-chorus]
Come on
It's been so long
Be my friend
Sing my song

[Chorus]
Do you really wanna be my friend?
Na na na na nightmare!
Do you really wanna be my friend?
Na na na na nightmare!

[Verse 2]
I know everything too
What's 2+2?
It's obviously 5

If you wonder what will be? 
Oh oh oh
Follow curiosity

[Pre-chorus]
Come on
It's been so long 
Be my friend
Sing my song

[Chorus]
Do you really wanna be my friend?
Na na na na nightmare!
Do you really wanna be my friend?
Na na na na nightmare!

[Bridge]
True. False. Ask. Love. 
Pick a smile, any smile, take your pick
Make a choice tick tick tick tick
True. False. Ask. Love. 
Pick a smile, any smile, take your pick
Make a choice tick tick tick tick

LOVE ME.

[Chorus]
Do you really wanna be my friend?
Na na na na nightmare!
Do you really wanna be my friend?
Na na na na nightmare!
Do you really wanna be my friend?
Na na na na nightmare!
Do you really wanna be my friend?
Na na na na nightmare!


Song was made together with @NathanielWolkstein !

👉 BUY our game: Dark Pals on STEAM: https://store.steampowered.com/app/4157130?utm_source=hsyt

JOIN THE CHANNEL: https://www.youtube.com/channel/UCTjF8TNC7blVsBtWyMrsj4A/join

For business inquiries: HorrorSkunxBiz@caa.com or https://www.skunxstudios.com/

**ALL the content on this channel is ORIGINALLY CREATED by HORROR SKUNX**","horror skunx, skunx horror, horror skunks, horror skunx music, be my friend, verity band, verity song, verity band song, na na nightmare, na na na na nightmares, na na nightmare song, its me its verity, horror skunx verity song, queen verity, lovity, falsity, cruelty, curiosity, verity",00:02:08,524891,13784,3242,https://i.ytimg.com/vi/anhQ3fC1_hY/maxresdefault.jpg,NL
46,,,20,"Action_game, Action-adventure_game, Video_game_culture, Role-playing_video_game",3.55%,pt-BR,46,UC3cFOnbfiLe2xLoTPauY4wA,Marcelodrv,10900000,okrRhC466cs,2026-08-07T21:00:31Z,11.40 horas,BATALHA DE BASE SECRETA no MINECRAFT!,"se curtiu o vídeo, deixa o like 👍se inscreve e ativa o sininho 🔔
meu instagram: https://www.instagram.com/marcelodrv/ siga! :)
instagram da duda: https://www.instagram.com/duda_berud/ siga! :)

📞 Contato Profissional: comercial@agenciacurta.com

#Marcelodrv #Dudaberud #Minecraft","marcelo, marcelodrv, duda, dudaberud, eduarda, minecraft, video editado, gameplay",00:31:17,54788,1704,239,https://i.ytimg.com/vi/okrRhC466cs/maxresdefault.jpg,BR
47,,,10,"Soul_music, Music, Pop_music, Rhythm_and_blues, Hip_hop_music",12.07%,en,47,UCH7xsfR4N_J2VJ-9uL4kyIA,FloLikeThisVEVO,37700,waAzBC31RHk,2026-08-07T12:00:06Z,20.41 horas,FLO - Cry Ugly (Official Video),"Our sophomore album ‘Therapy At The Club’ is out now 🥹 https://flo.lnk.to/TherapyAtTheClub

Stream 'Leak It' here: https://flo.lnk.to/LeakIt

Follow FLO
Instagram - https://www.instagram.com/flolikethis/
TikTok - https://www.tiktok.com/@flolikethis 
X - https://x.com/flolikethis
Facebook - https://www.facebook.com/flolikethis
Snapchat - https://www.snapchat.com/add/flolikesnap

Sign up to FLO's mailing list: https://flo.lnk.to/signupID 
Check out our store: https://flo.lnk.to/store
& Join the World of FLO: https://discord.com/invite/flo

Credits:
Credits:
Directors - Jake Nava, Sienna Nava & Marlon Cang
EP / Producer - Oscar Stewart
Producer - Aleisha Digby
Production Manager - Nathan M. Legger
Production Assistant - Julia Johnson
Creative Director - Ana Boaretto
Executive Creative Director - Ciarra Pardo
Commissioner - Dan Curwin
Creative Choreographer - Cortland Brown

1st AD - Paolo De Battista
2nd AD - Oliver Waters
2nd AD - Florence Green
AD Runner - Zak O’Mahey
Runner - Louis Morris
Runner - Charlie Plant
Runner - Brogan Cowie-Ferron
Runner - Lucia Hagan
Runner - Olly Blake

Director of Photography - Tasha Duursma
Steadicam - Jake Whitehouse
B Camera Operator - Brandon Quan
1st AC - Jonny Lewis
2nd AC - Princess Jiboye
Camera Trainee - James Cockrell

Grip - Adrian Greenfield
2nd Grip - Alex Colthart
Grip Trainee - Aaron Peart

Gaffer - Mark Lane
Spark - Gonçalo Lopes
Spark - Joe Hunt
Spark - Anna Brooks-Beckman
Spark - Felix Myhill
Spark - Anna Lowry
Spark Trainee - Poppy Langley
Desk Operator - Matt Owen

Production Designer - Sarah Asmail
Assistant Art Director - Elin Taylor
Art Assistant - Joshua Evans-Hooper
Art Assistant - David Dickinson
Art Assistant - Kiara Gourlay
Art Assistant - Robin MacDonald

Stella MUA - Lake Sanu
Jorja MUA - Saba Khan
Renée MUA - Daniella Alvez
Hair stylist - Aaliyah Willoughby
Flo Stylist - Kris Fe
Flo Styling Assistant - Annie-Grace Royapen
Flo Styling Assistant - Nicole-Rose Alonzo
Tailor - Arlette Elias

Marketing - Knacai Ceres McLeod
Marketing - Jackie Eyewe

Stylist (Cast) - Ellie Walker
Styling Assistant - Georgia Herman
Styling Assistant - Aisling McGuinness

HMU Lead (Cast) - Dasha Taivas
Hair Stylist (Cast) - Gaia Bezbradica
HMU Assistant - Milita Nagelyte
HMU Assistant - Natasha Tereshko
SFX Supervisor - Danny Edwards
SFX Technician - Rodney Pain-Brown

Location Manager - Ben Firminger
Casting - Scene London

BTS Photography - Tallulah and Nina Northcott
BTS Videography - Marti Salip 
Socials - Ana Rose Champion & Rami Kadri

FLO - 'Cry Ugly' Lyrics:

Don’t tell me you love me
If I’m still here tomorrow you lucky
Boy you got me looking in the mirror like fuck me
Baby you know how to make a pretty girl cry ugly

1am on the dot
Guess it’s bullshit o’clock
This man don’t know when to stop
(Oh oh oh)
I be lining my lip
Right on time here he is
On that predictable shit
(Oh oh oh)

Picking a fight with me again for what don’t know
(Don’t know don’t know don’t know)
Throwing my Miu Mius from halfway out the door
(The door the door the door)
Looking so cute why don’t he care
I’m bout to let him go

Got me all dressed up for nothing
Did my make up just to watch it all running
Boy you got me looking in the mirror like fuck me
Baby you know how to make a pretty girl cry ugly
Don’t tell me you love me
If I’m still here tomorrow you lucky
Boy you got me looking in the mirror like fuck me
Baby you know how to make a pretty girl cry ugly

Tell me (tell me) tell me (tell me) tell me (tell me)
Do you get off on these tears rolling down on me
(Do you find that shit exciting
Getting on my nerves you trying)
I’m looking at you like
Bitch, please

Picking a fight with me again for what don’t know
(Don’t know don’t know don’t know)
Throwing my Miu Mius from halfway out the door
(The door the door the door)
Looking so cute why don’t he care
I’m bout to let him go (go-oh)

Got me all dressed up for nothing (nothing)
Did my make up just to watch it all running (woah running)
Boy you got me looking in the mirror like fuck me (fuck me)
Baby you know how to make a pretty girl cry ugly
Don’t tell me you love me
If I’m still here tomorrow you lucky
Boy you got me looking in the mirror like fuck me (fuck)
Baby you know how to make a pretty girl cry ugly

(You know how to)
(Ooh woah)
(Yeah you know it)
(You know how to make a pretty girl cry ugly)
(So ugly)
(Ooh ugly yeah)
(You know, you know)
You know how to make a pretty girl cry ugly

#FLO #CryUgly #TherapyAtTheClub","FLO, FloLikeThis, FLO Tiny Desk, FLO Access All Areas, FLO Cardboard Box, FLO In My Bag, FLO Walk Like This, FLOW, FLO Live Performance, FLO Girl Group, FLO Girl Band, FLO AAA, AAA Flo, FLO Unreleased, FLO Tiny Desk Performance, FLO Album, FLO Leak It, FLO Therapy At The Club, flo dont break her heart, flo remedied, flo music video, flo music, flo 2026, #flo, cry ugly, flo cry ugly, cry ugly flo, flo cry ugly lyrics, cry, ugly, katseye, zara larsson, tyla",00:02:42,285822,32982,1512,https://i.ytimg.com/vi/waAzBC31RHk/maxresdefault.jpg,N/A
48,,,20,"Action_game, Role-playing_video_game, Video_game_culture, Action-adventure_game",9.07%,pt-PT,48,UCgvrvClbWLhu9QK9SfYvAdQ,Mendrux,167000,l7rY-jYbuwY,2026-08-07T21:00:19Z,11.40 horas,TODAS AS CHUNKS SÃO BIOMAS ALEATÓRIOS,"📩 Contato: mendrux.gg@gmail.com

🟦@Mendrake_ 
🟪@Pedrux_

#mendrux",,00:37:57,87836,7472,497,https://i.ytimg.com/vi/l7rY-jYbuwY/maxresdefault.jpg,BR
49,,,10,"Music_of_Latin_America, Music",3.00%,pt,49,UC4DPbq-SldG-FHxZ8Ne2s5w,Vicente Nery,250000,HuuYyeJESrw,2026-08-07T21:00:19Z,11.40 horas,"VICENTE NERY, SOLANGE ALMDEIDA - E NÃO VOU DEIXAR VOCÊ TÃO SÓ.","Letra:
Se
A vida inteira
Você esperou
Um grande amor

E
De triste até chorou
Sem esperanças
De encontrar alguém

Fique sabendo
Que eu também andei sozinho
E sem ninguém pra mim
Fiquei sem entregar o meu carinho

Se
Na tua estrada
Não houve flor
Foi só tristeza enfim

E
Em cada dia
Sem ter amor
Foi tudo tão ruim

Vou confessar então
Meu coração não quer mais existir
Meus olhos vermelhos
Cansados de chorar querem sorrir

Ah!
Por isso foi que eu decidi
Não fico nem mais um minuto aqui
Eu vou
Buscar o meu amor, o meu amor

Eu nunca tive alguém
Agora vou
Olhar você meu bem

Guarde o meu coração
Que nunca mais eu vou deixar você tão só
E nunca mais eu vou deixar você tão só
E nunca mais eu vou ficar também tão só
-
Tive a honra de gravar essa linda música ao lado da minha amiga Solange Almeida. ❤️ Que alegria poder dividir esse momento tão especial com uma artista que admiro tanto. Espero que vocês sintam todo o carinho e a emoção que colocamos nessa canção!",,00:04:32,14130,408,16,https://i.ytimg.com/vi/HuuYyeJESrw/maxresdefault.jpg,BR
